,col_0,col_1,col_2,col_3,col_4,col_5,col_6,col_7,col_8,col_9,col_10,col_11,col_12,col_13,col_14,col_15,col_16,col_17,col_18,col_19
1998-01-01,0.0,0.0,0.0,0.0,0.0,0.0,0.0,0.0,0.0,0.0,0.0,0.0,0.0,0.0,0.0,0.0,0.0,0.0,0.0,0.0
1998-02-01,0.0,0.0,0.0,0.0,0.0,0.0,0.0,0.0,0.0,0.0,0.0,0.0,0.0,0.0,0.0,0.0,0.0,0.0,0.0,0.0
1998-03-01,0.0,0.0,0.0,0.0,0.0,0.0,0.0,0.0,0.0,0.0,0.0,0.0,0.0,0.0,0.0,0.0,0.0,0.0,0.0,0.0
1998-04-01,0.0,0.0,0.0,0.0,0.0,0.0,0.0,0.0,0.0,0.0,0.0,0.0,0.0,0.0,0.0,0.0,0.0,0.0,0.0,0.0
1998-05-01,0.0,0.0,0.0,0.0,0.0,0.0,0.0,0.0,0.0,0.0,0.0,0.0,0.0,0.0,0.0,0.0,0.0,0.0,0.0,0.0
1998-06-01,46.0,252.0,2.0,70.0,3.0,58.0,78.0,1.0,26.0,55.0,0.0,0.0,0.0,0.0,2.0,451.0,2.0,1.0,172.0,6.0
1998-07-01,189.0,640.0,0.0,232.0,37.0,638.0,274.0,76.0,365.0,219.0,0.0,0.0,1.0,0.0,17.0,596.0,71.0,5.0,512.0,37.0
1998-08-01,711.0,3.747,0.0,875.0,130.0,6.815,1.176,93.0,2.254,815.0,1.0,1.0,0.0,0.0,48.0,581.0,321.0,12.0,2.218,38.0
1998-09-01,1.9909999999999999,5.149,6.0,1.9809999999999999,509.0,6.237,3.935,590.0,3.753,2.718,14.0,20.0,2.0,0.0,33.0,525.0,267.0,177.0,2.867,108.0
1998-10-01,2.5860000000000003,1.7380000000000002,4.0,1.093,44.0,3.665,5.1370000000000005,1.014,483.0,1.969,20.0,42.0,1.0,0.0,3.0,434.0,83.0,372.0,1.034,20.0
1998-11-01,424.0,1.0,21.0,32.0,0.0,1.861,2.237,575.0,3.0,49.0,19.0,131.0,1.0,12.0,0.0,488.0,6.0,141.0,47.0,4.0
1998-12-01,119.0,9.0,26.0,21.0,7.0,1.008,1.399,276.0,33.0,82.0,32.0,84.0,16.0,8.0,0.0,121.0,196.0,59.0,13.0,5.0
1999-01-01,21.0,36.0,11.0,36.0,0.0,87.0,54.0,47.0,1.0,114.0,58.0,0.0,15.0,36.0,0.0,7.0,3.0,102.0,14.0,33.0
1999-02-01,22.0,1.0,2.0,112.0,0.0,285.0,6.0,16.0,1.0,157.0,20.0,1.0,20.0,25.0,2.0,47.0,43.0,13.0,334.0,10.0
1999-03-01,4.0,1.0,7.0,13.0,0.0,7.0,17.0,30.0,8.0,83.0,52.0,2.0,98.0,18.0,0.0,78.0,7.0,27.0,1.0,8.0
1999-04-01,10.0,9.0,0.0,27.0,0.0,6.0,4.0,6.0,3.0,55.0,4.0,0.0,16.0,6.0,0.0,291.0,2.0,2.0,25.0,2.0
1999-05-01,8.0,24.0,1.0,51.0,0.0,4.0,3.0,5.0,3.0,76.0,1.0,0.0,0.0,0.0,0.0,500.0,0.0,6.0,99.0,16.0
1999-06-01,47.0,113.0,0.0,132.0,0.0,37.0,32.0,16.0,10.0,64.0,0.0,2.0,3.0,0.0,3.0,522.0,7.0,7.0,250.0,6.0
1999-07-01,123.0,373.0,2.0,318.0,1.0,982.0,258.0,83.0,135.0,107.0,0.0,0.0,4.0,0.0,4.0,684.0,11.0,2.0,311.0,9.0
1999-08-01,499.0,1.284,51.0,1.19,63.0,6.178,895.0,131.0,1.976,453.0,3.0,0.0,1.0,0.0,16.0,1.2109999999999999,259.0,3.0,1.198,60.0
1999-09-01,872.0,3.415,101.0,2.6860000000000004,209.0,4.419,1.739,124.0,3.062,1.275,3.0,4.0,3.0,0.0,12.0,911.0,216.0,64.0,1.8980000000000001,64.0
1999-10-01,1.4380000000000002,1.3780000000000001,16.0,1.3630000000000002,60.0,5.026,3.208,309.0,1.8840000000000001,1.307,4.0,25.0,10.0,0.0,8.0,763.0,479.0,180.0,743.0,23.0
1999-11-01,334.0,29.0,84.0,271.0,0.0,2.682,1.494,524.0,41.0,49.0,15.0,26.0,15.0,3.0,1.0,398.0,32.0,41.0,110.0,9.0
1999-12-01,74.0,16.0,89.0,32.0,0.0,766.0,1.001,397.0,0.0,37.0,12.0,41.0,35.0,5.0,0.0,47.0,2.0,16.0,20.0,0.0
2000-01-01,5.0,15.0,14.0,24.0,0.0,30.0,19.0,1.0,0.0,31.0,11.0,2.0,18.0,1.0,0.0,36.0,7.0,3.0,10.0,5.0
2000-02-01,12.0,6.0,8.0,20.0,0.0,29.0,11.0,6.0,6.0,32.0,16.0,0.0,57.0,6.0,0.0,25.0,62.0,4.0,11.0,5.0
2000-03-01,14.0,4.0,46.0,24.0,11.0,181.0,6.0,9.0,9.0,65.0,32.0,0.0,125.0,6.0,0.0,26.0,69.0,14.0,4.0,1.0
2000-04-01,15.0,0.0,7.0,49.0,1.0,40.0,6.0,15.0,0.0,23.0,20.0,0.0,0.0,1.0,0.0,102.0,18.0,1.0,16.0,3.0
2000-05-01,25.0,69.0,0.0,67.0,1.0,12.0,28.0,7.0,13.0,71.0,1.0,0.0,7.0,0.0,2.0,300.0,51.0,7.0,58.0,2.0
2000-06-01,18.0,278.0,2.0,135.0,1.0,59.0,94.0,16.0,54.0,178.0,0.0,0.0,0.0,0.0,1.0,606.0,6.0,4.0,222.0,9.0
2000-07-01,75.0,500.0,21.0,345.0,1.0,426.0,233.0,18.0,117.0,202.0,0.0,0.0,0.0,0.0,15.0,770.0,39.0,0.0,332.0,16.0
2000-08-01,415.0,1.949,69.0,769.0,136.0,5.484,839.0,79.0,2.197,633.0,4.0,3.0,9.0,0.0,9.0,915.0,180.0,31.0,925.0,26.0
2000-09-01,1.099,2.552,36.0,1.08,265.0,2.569,1.365,127.0,2.438,2.285,22.0,19.0,12.0,0.0,3.0,582.0,189.0,130.0,1.2930000000000001,14.0
2000-10-01,2.5580000000000003,1.053,55.0,1.954,18.0,4.313,2.654,875.0,644.0,3.35,13.0,42.0,25.0,3.0,18.0,647.0,145.0,411.0,905.0,88.0
2000-11-01,450.0,96.0,19.0,43.0,0.0,3.366,2.267,669.0,13.0,114.0,2.0,157.0,32.0,0.0,0.0,96.0,27.0,64.0,26.0,3.0
2000-12-01,79.0,20.0,29.0,14.0,0.0,1.6980000000000002,1.4609999999999999,389.0,7.0,24.0,2.0,30.0,77.0,0.0,0.0,23.0,60.0,22.0,6.0,3.0
2001-01-01,29.0,19.0,11.0,18.0,0.0,34.0,29.0,11.0,0.0,24.0,5.0,0.0,101.0,2.0,0.0,26.0,3.0,7.0,29.0,1.0
2001-02-01,0.0,6.0,0.0,39.0,0.0,16.0,1.0,0.0,2.0,101.0,4.0,0.0,646.0,2.0,1.0,25.0,8.0,2.0,9.0,5.0
2001-03-01,2.0,0.0,1.0,13.0,0.0,0.0,0.0,0.0,0.0,4.0,0.0,0.0,1.1079999999999999,1.0,0.0,35.0,6.0,0.0,10.0,2.0
2001-04-01,1.0,19.0,1.0,60.0,0.0,0.0,2.0,2.0,0.0,26.0,0.0,0.0,380.0,0.0,0.0,61.0,1.0,2.0,49.0,2.0
2001-05-01,36.0,48.0,2.0,83.0,0.0,7.0,21.0,81.0,5.0,85.0,2.0,0.0,9.0,3.0,0.0,211.0,0.0,5.0,85.0,8.0
2001-06-01,87.0,305.0,1.0,166.0,1.0,42.0,100.0,38.0,31.0,98.0,2.0,0.0,1.0,0.0,3.0,346.0,5.0,2.0,212.0,9.0
2001-07-01,337.0,830.0,5.0,266.0,3.0,708.0,549.0,146.0,74.0,248.0,0.0,1.0,1.0,0.0,22.0,538.0,9.0,6.0,371.0,12.0
2001-08-01,1.133,2.242,24.0,858.0,396.0,9.043,2.037,219.0,2.1319999999999997,979.0,1.0,12.0,4.0,0.0,25.0,595.0,501.0,27.0,787.0,30.0
2001-09-01,2.401,4.8389999999999995,18.0,1.597,290.0,6.138999999999999,4.618,801.0,1.9269999999999998,3.964,5.0,95.0,1.0,1.0,12.0,425.0,166.0,298.0,1.8630000000000002,38.0
2001-10-01,3.742,684.0,26.0,528.0,137.0,5.096,6.6610000000000005,2.045,796.0,1.6869999999999998,15.0,194.0,13.0,5.0,0.0,444.0,332.0,461.0,479.0,19.0
2001-11-01,1.484,100.0,66.0,62.0,1.0,4.938,3.525,2.456,91.0,699.0,22.0,406.0,76.0,5.0,0.0,168.0,244.0,208.0,15.0,3.0
2001-12-01,230.0,21.0,45.0,44.0,0.0,2.5639999999999996,1.296,545.0,1.0,158.0,30.0,593.0,76.0,5.0,1.0,52.0,22.0,62.0,18.0,1.0
2002-01-01,33.0,35.0,22.0,29.0,0.0,144.0,48.0,33.0,6.0,125.0,12.0,7.0,302.0,1.0,0.0,19.0,17.0,10.0,12.0,2.0
2002-02-01,160.0,48.0,5.0,62.0,1.0,120.0,116.0,75.0,8.0,204.0,15.0,2.0,476.0,6.0,0.0,19.0,2.0,19.0,9.0,4.0
2002-03-01,63.0,33.0,12.0,62.0,0.0,14.0,16.0,17.0,1.0,146.0,27.0,0.0,820.0,7.0,0.0,111.0,5.0,24.0,48.0,4.0
2002-04-01,87.0,37.0,7.0,99.0,0.0,11.0,28.0,5.0,3.0,110.0,6.0,0.0,41.0,12.0,1.0,178.0,2.0,5.0,78.0,2.0
2002-05-01,84.0,138.0,3.0,98.0,0.0,18.0,71.0,10.0,10.0,166.0,1.0,3.0,0.0,0.0,1.0,319.0,8.0,13.0,171.0,5.0
2002-06-01,161.0,396.0,0.0,207.0,0.0,149.0,230.0,13.0,141.0,118.0,0.0,0.0,0.0,0.0,7.0,562.0,5.0,1.0,302.0,18.0
2002-07-01,534.0,976.0,82.0,741.0,39.0,772.0,1.271,12.0,539.0,549.0,5.0,1.0,7.0,0.0,33.0,448.0,146.0,8.0,686.0,9.0
2002-08-01,2.28,3.0269999999999997,702.0,2.041,728.0,15.664000000000001,3.4810000000000003,111.0,3.465,1.827,3.0,18.0,7.0,2.0,53.0,719.0,741.0,37.0,1.4280000000000002,60.0
2002-09-01,2.475,5.314,416.0,3.1,1.949,5.609,3.181,172.0,7.067,6.439,14.0,73.0,48.0,0.0,33.0,302.0,928.0,374.0,3.52,46.0
2002-10-01,2.7569999999999997,1.537,42.0,4.788,687.0,5.189,5.182,1.6059999999999999,3.554,5.414,30.0,557.0,191.0,20.0,19.0,733.0,695.0,638.0,1.367,113.0
2002-11-01,1.1740000000000002,207.0,348.0,417.0,86.0,7.996,5.83,2.715,639.0,1.02,50.0,1.0959999999999999,133.0,57.0,1.0,72.0,259.0,521.0,192.0,22.0
2002-12-01,373.0,39.0,76.0,225.0,1.0,3.1180000000000003,2.165,1.787,91.0,848.0,95.0,200.0,199.0,103.0,1.0,57.0,44.0,259.0,115.0,12.0
2003-01-01,86.0,35.0,45.0,37.0,10.0,900.0,436.0,264.0,62.0,439.0,150.0,31.0,547.0,198.0,0.0,59.0,158.0,188.0,14.0,4.0
2003-02-01,3.0,15.0,43.0,126.0,0.0,34.0,11.0,9.0,10.0,223.0,33.0,0.0,767.0,50.0,1.0,137.0,62.0,35.0,47.0,11.0
2003-03-01,15.0,19.0,58.0,81.0,0.0,27.0,16.0,3.0,13.0,274.0,15.0,1.0,1.131,62.0,0.0,86.0,64.0,9.0,29.0,28.0
2003-04-01,22.0,64.0,120.0,215.0,1.0,14.0,79.0,3.0,10.0,376.0,20.0,2.0,268.0,48.0,0.0,106.0,11.0,7.0,87.0,22.0
2003-05-01,13.0,96.0,84.0,75.0,6.0,3.0,60.0,0.0,21.0,106.0,1.0,0.0,0.0,2.0,0.0,69.0,2.0,1.0,57.0,1.0
2003-06-01,88.0,329.0,68.0,245.0,0.0,64.0,338.0,2.0,74.0,140.0,0.0,0.0,0.0,0.0,11.0,132.0,3.0,2.0,321.0,19.0
2003-07-01,407.0,762.0,43.0,407.0,168.0,1.571,1.103,14.0,516.0,261.0,0.0,0.0,0.0,0.0,19.0,171.0,180.0,5.0,322.0,27.0
2003-08-01,864.0,1.339,1.5130000000000001,1.955,1.976,6.255,2.023,109.0,7.06,1.0390000000000001,2.0,14.0,2.0,0.0,36.0,934.0,1.867,26.0,902.0,118.0
2003-09-01,3.3989999999999996,4.637,1.339,7.091,3.9419999999999997,8.447000000000001,5.877999999999999,384.0,6.89,8.847000000000001,8.0,88.0,6.0,3.0,17.0,977.0,1.401,510.0,1.662,252.0
2003-10-01,2.332,1.339,669.0,5.391,740.0,3.803,6.085,1.761,4.962,4.263999999999999,10.0,355.0,14.0,2.0,12.0,422.0,725.0,859.0,1.183,159.0
2003-11-01,1.248,146.0,347.0,399.0,15.0,6.195,4.928999999999999,3.327,526.0,533.0,17.0,750.0,27.0,2.0,0.0,155.0,169.0,560.0,168.0,49.0
2003-12-01,459.0,109.0,129.0,225.0,1.0,4.787,2.424,2.436,214.0,710.0,43.0,411.0,157.0,36.0,0.0,58.0,147.0,229.0,129.0,18.0
2004-01-01,42.0,40.0,37.0,22.0,0.0,579.0,241.0,143.0,30.0,158.0,9.0,38.0,355.0,16.0,0.0,37.0,123.0,29.0,10.0,1.0
2004-02-01,20.0,7.0,29.0,29.0,3.0,20.0,22.0,5.0,12.0,122.0,7.0,2.0,259.0,10.0,0.0,41.0,92.0,8.0,11.0,5.0
2004-03-01,27.0,23.0,73.0,81.0,0.0,22.0,18.0,1.0,20.0,115.0,16.0,0.0,276.0,36.0,0.0,73.0,6.0,6.0,36.0,3.0
2004-04-01,10.0,52.0,59.0,48.0,2.0,23.0,44.0,2.0,14.0,89.0,6.0,0.0,182.0,13.0,1.0,36.0,4.0,5.0,32.0,0.0
2004-05-01,80.0,350.0,2.0,79.0,7.0,44.0,145.0,3.0,9.0,124.0,3.0,0.0,2.0,5.0,9.0,60.0,0.0,2.0,157.0,0.0
2004-06-01,239.0,1.079,127.0,209.0,5.0,340.0,706.0,1.0,151.0,289.0,0.0,5.0,6.0,0.0,6.0,231.0,12.0,4.0,422.0,3.0
2004-07-01,564.0,1.389,94.0,625.0,42.0,4.436,1.3659999999999999,16.0,1.2329999999999999,310.0,0.0,2.0,2.0,0.0,37.0,342.0,177.0,13.0,778.0,4.0
2004-08-01,1.002,1.776,728.0,1.642,645.0,12.812000000000001,1.889,61.0,6.893,1.43,2.0,9.0,18.0,0.0,108.0,794.0,1.207,41.0,1.4980000000000002,12.0
2004-09-01,2.662,5.308,755.0,4.3389999999999995,1.9780000000000002,9.471,4.673,144.0,13.05,6.433,5.0,67.0,9.0,0.0,100.0,809.0,911.0,192.0,2.965,47.0
2004-10-01,2.144,1.6580000000000001,704.0,2.736,461.0,4.726,3.6039999999999996,1.217,3.094,4.81,12.0,412.0,53.0,3.0,18.0,195.0,710.0,545.0,1.275,48.0
2004-11-01,1.798,424.0,279.0,914.0,10.0,9.842,6.398,2.9,452.0,1.736,28.0,949.0,135.0,41.0,0.0,144.0,209.0,465.0,291.0,42.0
2004-12-01,788.0,96.0,68.0,125.0,7.0,5.507999999999999,3.255,3.158,208.0,423.0,71.0,777.0,160.0,66.0,0.0,102.0,53.0,373.0,56.0,9.0
2005-01-01,94.0,66.0,46.0,28.0,12.0,1.768,450.0,384.0,99.0,303.0,83.0,109.0,106.0,80.0,0.0,26.0,44.0,221.0,27.0,4.0
2005-02-01,26.0,27.0,46.0,79.0,0.0,85.0,56.0,25.0,42.0,143.0,31.0,1.0,105.0,19.0,0.0,78.0,6.0,33.0,84.0,1.0
2005-03-01,13.0,13.0,92.0,107.0,3.0,21.0,9.0,5.0,17.0,158.0,35.0,0.0,244.0,28.0,0.0,73.0,12.0,45.0,36.0,3.0
2005-04-01,3.0,52.0,25.0,89.0,1.0,14.0,43.0,4.0,7.0,76.0,1.0,0.0,22.0,8.0,0.0,62.0,5.0,1.0,55.0,4.0
2005-05-01,22.0,236.0,21.0,134.0,2.0,37.0,74.0,1.0,38.0,120.0,0.0,0.0,1.0,0.0,2.0,212.0,8.0,1.0,164.0,5.0
2005-06-01,171.0,669.0,58.0,246.0,27.0,304.0,529.0,6.0,153.0,211.0,0.0,2.0,5.0,0.0,3.0,236.0,78.0,3.0,189.0,8.0
2005-07-01,445.0,1.082,90.0,467.0,368.0,4.364,1.1520000000000001,14.0,798.0,269.0,0.0,0.0,2.0,0.0,24.0,284.0,676.0,1.0,363.0,9.0
2005-08-01,943.0,1.84,391.0,1.0290000000000001,4.198,13.055,2.239,51.0,6.672000000000001,948.0,2.0,4.0,9.0,0.0,20.0,522.0,2.316,10.0,639.0,12.0
2005-09-01,3.136,5.319,116.0,2.0469999999999997,4.253,9.032,6.292000000000001,185.0,13.972000000000001,4.066,7.0,97.0,72.0,2.0,23.0,231.0,2.812,154.0,1.341,8.0
2005-10-01,3.263,2.9130000000000003,197.0,6.546,547.0,5.083,6.472,1.3780000000000001,2.559,8.405,17.0,335.0,88.0,11.0,18.0,221.0,545.0,408.0,1.7169999999999999,62.0
2005-11-01,1.599,271.0,384.0,422.0,14.0,4.968,4.769,2.483,465.0,1.595,25.0,685.0,135.0,23.0,2.0,163.0,261.0,452.0,144.0,0.0
2005-12-01,486.0,53.0,17.0,65.0,2.0,1.495,1.66,1.36,36.0,116.0,16.0,38.0,71.0,29.0,0.0,15.0,17.0,191.0,5.0,5.0
2006-01-01,133.0,91.0,41.0,109.0,4.0,403.0,221.0,211.0,16.0,225.0,29.0,6.0,70.0,36.0,0.0,76.0,20.0,148.0,85.0,13.0
2006-02-01,23.0,14.0,18.0,96.0,0.0,49.0,22.0,23.0,17.0,277.0,14.0,2.0,283.0,36.0,0.0,59.0,10.0,41.0,21.0,45.0
2006-03-01,18.0,11.0,48.0,69.0,0.0,10.0,14.0,3.0,15.0,199.0,37.0,0.0,385.0,41.0,0.0,106.0,20.0,18.0,29.0,14.0
2006-04-01,1.0,4.0,30.0,50.0,0.0,2.0,9.0,1.0,0.0,60.0,2.0,0.0,201.0,9.0,0.0,63.0,5.0,2.0,22.0,1.0
2006-05-01,0.0,35.0,33.0,62.0,8.0,0.0,5.0,0.0,7.0,43.0,0.0,0.0,0.0,0.0,3.0,88.0,4.0,1.0,33.0,0.0
2006-06-01,40.0,289.0,32.0,73.0,1.0,78.0,131.0,0.0,40.0,68.0,0.0,0.0,0.0,0.0,2.0,97.0,9.0,0.0,70.0,5.0
2006-07-01,150.0,430.0,74.0,336.0,33.0,615.0,512.0,1.0,314.0,229.0,0.0,0.0,0.0,0.0,10.0,245.0,123.0,1.0,169.0,11.0
2006-08-01,911.0,1.2770000000000001,728.0,959.0,839.0,7.575,1.382,50.0,3.1239999999999997,995.0,1.0,11.0,4.0,0.0,40.0,572.0,1.422,8.0,588.0,29.0
2006-09-01,1.618,2.9789999999999996,530.0,2.78,2.37,8.372,2.907,237.0,9.92,3.0060000000000002,4.0,112.0,40.0,0.0,20.0,694.0,2.218,147.0,1.463,87.0
2006-10-01,1.443,1.176,269.0,616.0,316.0,5.9639999999999995,3.0239999999999996,581.0,1.148,2.079,32.0,405.0,135.0,3.0,1.0,153.0,721.0,310.0,178.0,10.0
2006-11-01,740.0,108.0,45.0,59.0,18.0,2.883,2.004,1.012,253.0,239.0,12.0,207.0,26.0,5.0,0.0,43.0,59.0,385.0,91.0,0.0
2006-12-01,339.0,15.0,7.0,32.0,0.0,1.4169999999999998,1.052,1.161,4.0,169.0,30.0,74.0,101.0,17.0,0.0,13.0,23.0,207.0,7.0,0.0
2007-01-01,123.0,34.0,9.0,91.0,0.0,467.0,428.0,304.0,33.0,373.0,33.0,0.0,194.0,56.0,0.0,14.0,37.0,156.0,28.0,0.0
2007-02-01,11.0,8.0,14.0,71.0,5.0,23.0,13.0,3.0,8.0,113.0,28.0,0.0,796.0,22.0,0.0,96.0,92.0,21.0,13.0,3.0
2007-03-01,31.0,99.0,23.0,155.0,2.0,6.0,52.0,2.0,20.0,141.0,7.0,0.0,665.0,2.0,1.0,152.0,6.0,4.0,49.0,9.0
2007-04-01,9.0,22.0,2.0,35.0,0.0,0.0,5.0,1.0,0.0,64.0,1.0,0.0,58.0,1.0,0.0,44.0,0.0,1.0,17.0,2.0
2007-05-01,52.0,250.0,2.0,124.0,1.0,9.0,73.0,0.0,4.0,161.0,0.0,0.0,0.0,0.0,4.0,69.0,0.0,0.0,94.0,1.0
2007-06-01,303.0,591.0,11.0,184.0,4.0,129.0,515.0,1.0,71.0,270.0,0.0,0.0,1.0,0.0,21.0,91.0,23.0,1.0,186.0,4.0
2007-07-01,919.0,982.0,12.0,446.0,29.0,476.0,1.205,11.0,187.0,811.0,0.0,0.0,3.0,0.0,25.0,94.0,116.0,3.0,399.0,13.0
2007-08-01,3.551,4.747,462.0,2.975,960.0,14.352,8.408999999999999,182.0,4.7860000000000005,3.734,3.0,5.0,2.0,0.0,137.0,470.0,2.241,20.0,2.3819999999999997,82.0
2007-09-01,4.078,6.829,617.0,5.088,2.08,14.59,8.524,241.0,6.832000000000001,7.438,2.0,61.0,9.0,0.0,73.0,495.0,1.36,164.0,3.745,63.0
2007-10-01,2.331,2.252,35.0,3.467,203.0,2.504,4.772,964.0,2.023,4.981,6.0,162.0,15.0,3.0,13.0,281.0,215.0,702.0,1.195,79.0
2007-11-01,939.0,147.0,26.0,1.305,7.0,2.89,2.2969999999999997,1.443,53.0,2.126,15.0,198.0,112.0,7.0,0.0,50.0,90.0,359.0,79.0,112.0
2007-12-01,317.0,13.0,17.0,95.0,0.0,689.0,800.0,1.177,6.0,259.0,33.0,14.0,8.0,33.0,0.0,21.0,7.0,200.0,16.0,14.0
2008-01-01,61.0,28.0,25.0,85.0,0.0,131.0,121.0,166.0,4.0,314.0,55.0,2.0,245.0,100.0,0.0,34.0,16.0,170.0,23.0,12.0
2008-02-01,21.0,6.0,29.0,59.0,0.0,54.0,45.0,12.0,7.0,235.0,74.0,0.0,138.0,67.0,0.0,30.0,32.0,48.0,25.0,20.0
2008-03-01,4.0,4.0,14.0,61.0,0.0,4.0,4.0,2.0,2.0,135.0,31.0,1.0,422.0,43.0,2.0,72.0,10.0,32.0,20.0,5.0
2008-04-01,7.0,46.0,31.0,113.0,0.0,7.0,26.0,0.0,8.0,151.0,18.0,2.0,175.0,2.0,1.0,84.0,13.0,5.0,36.0,8.0
2008-05-01,12.0,81.0,15.0,50.0,0.0,0.0,26.0,0.0,1.0,56.0,0.0,0.0,8.0,0.0,6.0,40.0,1.0,0.0,41.0,2.0
2008-06-01,33.0,282.0,2.0,48.0,0.0,48.0,235.0,1.0,11.0,72.0,0.0,0.0,0.0,0.0,0.0,25.0,7.0,0.0,55.0,4.0
2008-07-01,97.0,441.0,46.0,194.0,41.0,971.0,502.0,3.0,138.0,271.0,0.0,0.0,0.0,0.0,12.0,126.0,108.0,0.0,193.0,5.0
2008-08-01,290.0,845.0,51.0,605.0,445.0,4.435,713.0,32.0,1.251,611.0,1.0,4.0,4.0,0.0,30.0,153.0,861.0,2.0,568.0,13.0
2008-09-01,1.472,2.39,233.0,2.552,1.666,6.294,2.761,177.0,3.7260000000000004,4.837,9.0,83.0,17.0,0.0,54.0,486.0,998.0,92.0,1.255,78.0
2008-10-01,1.83,2.832,56.0,3.787,652.0,6.653,3.498,816.0,1.482,7.691,18.0,395.0,78.0,0.0,6.0,87.0,632.0,274.0,1.2309999999999999,100.0
2008-11-01,594.0,104.0,16.0,892.0,4.0,2.403,2.331,1.7530000000000001,78.0,3.175,37.0,266.0,39.0,17.0,4.0,20.0,39.0,363.0,90.0,3.0
2008-12-01,329.0,7.0,29.0,25.0,0.0,684.0,1.101,1.655,2.0,52.0,34.0,32.0,5.0,14.0,0.0,36.0,0.0,203.0,6.0,1.0
2009-01-01,79.0,43.0,21.0,74.0,0.0,241.0,240.0,347.0,17.0,177.0,104.0,4.0,45.0,60.0,1.0,12.0,9.0,256.0,30.0,4.0
2009-02-01,19.0,21.0,7.0,74.0,2.0,15.0,20.0,8.0,1.0,117.0,32.0,0.0,153.0,64.0,0.0,65.0,3.0,28.0,29.0,12.0
2009-03-01,17.0,23.0,33.0,106.0,1.0,4.0,33.0,3.0,12.0,249.0,31.0,1.0,176.0,29.0,0.0,55.0,11.0,15.0,32.0,11.0
2009-04-01,8.0,5.0,57.0,26.0,0.0,8.0,14.0,0.0,3.0,40.0,5.0,0.0,115.0,19.0,0.0,67.0,1.0,3.0,11.0,8.0
2009-05-01,12.0,91.0,33.0,128.0,3.0,7.0,19.0,0.0,6.0,34.0,0.0,2.0,219.0,0.0,9.0,142.0,3.0,0.0,104.0,7.0
2009-06-01,56.0,421.0,14.0,173.0,0.0,38.0,279.0,0.0,13.0,92.0,0.0,1.0,16.0,2.0,4.0,125.0,13.0,1.0,179.0,12.0
2009-07-01,302.0,989.0,26.0,477.0,31.0,397.0,972.0,7.0,110.0,321.0,0.0,4.0,18.0,0.0,33.0,110.0,199.0,1.0,470.0,25.0
2009-08-01,790.0,1.124,759.0,685.0,194.0,3.859,1.766,26.0,484.0,439.0,0.0,20.0,29.0,0.0,37.0,289.0,1.321,10.0,647.0,17.0
2009-09-01,1.709,2.017,47.0,1.31,1.265,6.051,2.404,101.0,1.869,3.61,13.0,188.0,117.0,1.0,5.0,116.0,3.091,164.0,685.0,57.0
2009-10-01,913.0,718.0,252.0,1.013,565.0,6.3420000000000005,1.861,435.0,1.444,2.552,30.0,765.0,197.0,1.0,3.0,64.0,2.189,254.0,367.0,13.0
2009-11-01,1.3359999999999999,251.0,61.0,246.0,33.0,10.012,5.0,1.653,128.0,402.0,55.0,1.0190000000000001,312.0,9.0,0.0,83.0,973.0,486.0,89.0,18.0
2009-12-01,570.0,46.0,20.0,108.0,1.0,2.832,1.768,1.9869999999999999,9.0,308.0,55.0,123.0,290.0,21.0,0.0,37.0,102.0,351.0,39.0,32.0
2010-01-01,99.0,79.0,2.0,118.0,1.0,437.0,319.0,288.0,18.0,297.0,23.0,2.0,351.0,29.0,2.0,45.0,82.0,47.0,59.0,52.0
2010-02-01,54.0,32.0,15.0,155.0,0.0,102.0,93.0,63.0,9.0,206.0,26.0,0.0,470.0,33.0,4.0,152.0,81.0,33.0,86.0,15.0
2010-03-01,47.0,120.0,9.0,109.0,0.0,110.0,82.0,40.0,11.0,156.0,70.0,2.0,417.0,44.0,0.0,111.0,116.0,59.0,65.0,3.0
2010-04-01,56.0,419.0,19.0,112.0,3.0,22.0,128.0,7.0,19.0,103.0,3.0,2.0,15.0,1.0,8.0,91.0,11.0,2.0,105.0,7.0
2010-05-01,231.0,580.0,1.0,179.0,9.0,57.0,273.0,2.0,41.0,198.0,0.0,2.0,3.0,0.0,23.0,150.0,13.0,8.0,239.0,3.0
2010-06-01,208.0,767.0,1.0,139.0,1.0,94.0,494.0,3.0,44.0,192.0,0.0,0.0,0.0,0.0,21.0,143.0,9.0,1.0,278.0,3.0
2010-07-01,1.696,2.408,31.0,707.0,126.0,1.432,2.323,44.0,747.0,519.0,2.0,2.0,1.0,0.0,85.0,600.0,640.0,7.0,941.0,5.0
2010-08-01,4.035,7.865,511.0,3.353,1.682,18.13,6.353,202.0,4.388,2.423,1.0,1.0,3.0,0.0,159.0,1.8090000000000002,3.727,29.0,2.9139999999999997,39.0
2010-09-01,5.392,10.172,198.0,5.059,2.531,10.81,9.795,357.0,4.893,5.3229999999999995,5.0,63.0,18.0,0.0,196.0,1.6769999999999998,2.781,179.0,5.075,53.0
2010-10-01,3.863,2.272,76.0,2.048,292.0,3.843,3.228,502.0,1.307,5.263999999999999,16.0,265.0,64.0,1.0,6.0,260.0,889.0,347.0,1.227,32.0
2010-11-01,1.4169999999999998,283.0,88.0,82.0,39.0,4.417,4.005,1.652,238.0,605.0,31.0,339.0,27.0,16.0,0.0,104.0,354.0,831.0,67.0,3.0
2010-12-01,357.0,72.0,23.0,105.0,0.0,1.6119999999999999,1.8030000000000002,578.0,158.0,226.0,45.0,43.0,73.0,19.0,1.0,52.0,123.0,117.0,48.0,10.0
2011-01-01,39.0,14.0,9.0,61.0,0.0,108.0,124.0,32.0,1.0,101.0,41.0,0.0,225.0,36.0,2.0,75.0,53.0,49.0,39.0,3.0
2011-02-01,11.0,13.0,1.0,111.0,0.0,13.0,9.0,2.0,2.0,156.0,33.0,3.0,112.0,31.0,1.0,73.0,30.0,25.0,45.0,42.0
2011-03-01,15.0,16.0,8.0,67.0,0.0,21.0,22.0,6.0,6.0,90.0,34.0,0.0,91.0,47.0,0.0,45.0,49.0,39.0,19.0,5.0
2011-04-01,16.0,106.0,5.0,66.0,2.0,10.0,37.0,1.0,8.0,149.0,17.0,0.0,108.0,12.0,1.0,52.0,5.0,22.0,71.0,3.0
2011-05-01,77.0,354.0,16.0,151.0,3.0,16.0,73.0,0.0,54.0,189.0,0.0,2.0,4.0,0.0,3.0,136.0,6.0,1.0,136.0,2.0
2011-06-01,462.0,717.0,26.0,304.0,10.0,105.0,602.0,5.0,130.0,345.0,2.0,0.0,6.0,1.0,18.0,210.0,22.0,4.0,314.0,7.0
2011-07-01,864.0,1.001,31.0,801.0,93.0,632.0,1.024,18.0,293.0,578.0,0.0,5.0,9.0,0.0,53.0,479.0,271.0,2.0,607.0,18.0
2011-08-01,1.9580000000000002,1.6680000000000001,175.0,2.742,425.0,2.195,2.138,53.0,1.161,1.795,4.0,16.0,39.0,1.0,61.0,1.067,1.2429999999999999,27.0,1.6130000000000002,93.0
2011-09-01,4.402,4.658,450.0,5.978,1.204,5.185,4.632,239.0,1.7819999999999998,7.086,5.0,128.0,53.0,0.0,133.0,1.1079999999999999,1.295,243.0,2.259,108.0
2011-10-01,1.484,1.591,102.0,1.206,97.0,3.141,2.404,415.0,822.0,2.166,23.0,304.0,65.0,5.0,0.0,188.0,694.0,461.0,476.0,38.0
2011-11-01,825.0,144.0,79.0,153.0,74.0,3.043,2.261,1.561,245.0,176.0,23.0,282.0,121.0,4.0,1.0,87.0,399.0,352.0,59.0,6.0
2011-12-01,362.0,105.0,24.0,43.0,4.0,3.218,1.629,1.4409999999999998,37.0,230.0,50.0,360.0,249.0,36.0,0.0,53.0,121.0,364.0,39.0,1.0
2012-01-01,80.0,12.0,14.0,75.0,0.0,392.0,326.0,273.0,2.0,179.0,36.0,30.0,217.0,39.0,0.0,38.0,6.0,146.0,21.0,1.0
2012-02-01,31.0,45.0,13.0,123.0,0.0,63.0,46.0,41.0,9.0,200.0,41.0,5.0,130.0,34.0,0.0,81.0,25.0,64.0,37.0,25.0
2012-03-01,71.0,80.0,65.0,152.0,1.0,30.0,49.0,10.0,6.0,404.0,44.0,1.0,99.0,71.0,0.0,99.0,17.0,44.0,57.0,35.0
2012-04-01,119.0,226.0,40.0,180.0,1.0,11.0,97.0,2.0,12.0,396.0,18.0,2.0,25.0,40.0,4.0,82.0,3.0,46.0,89.0,74.0
2012-05-01,334.0,467.0,60.0,144.0,3.0,59.0,286.0,19.0,22.0,326.0,21.0,2.0,18.0,17.0,0.0,82.0,12.0,36.0,103.0,20.0
2012-06-01,834.0,922.0,42.0,219.0,7.0,183.0,915.0,28.0,32.0,385.0,4.0,7.0,22.0,3.0,6.0,30.0,45.0,12.0,245.0,15.0
2012-07-01,1.755,1.693,42.0,669.0,71.0,661.0,3.548,50.0,205.0,906.0,0.0,3.0,2.0,1.0,29.0,179.0,234.0,11.0,564.0,35.0
2012-08-01,3.614,4.28,398.0,901.0,739.0,6.9639999999999995,10.395,278.0,2.209,1.835,0.0,19.0,4.0,0.0,55.0,435.0,3.011,27.0,912.0,12.0
2012-09-01,4.479,7.46,188.0,3.219,1.996,6.87,7.626,609.0,2.471,7.495,6.0,168.0,67.0,1.0,64.0,813.0,2.392,192.0,2.452,48.0
2012-10-01,2.506,3.68,34.0,3.97,348.0,3.714,5.0,1.104,1.229,4.607,28.0,475.0,152.0,1.0,15.0,206.0,1.238,222.0,1.524,62.0
2012-11-01,447.0,179.0,72.0,220.0,13.0,6.156000000000001,2.01,995.0,174.0,168.0,95.0,969.0,187.0,6.0,0.0,50.0,682.0,181.0,57.0,7.0
2012-12-01,334.0,128.0,32.0,189.0,1.0,1.8119999999999998,1.296,631.0,50.0,477.0,59.0,422.0,78.0,18.0,0.0,64.0,80.0,108.0,93.0,18.0
2013-01-01,72.0,50.0,18.0,75.0,0.0,167.0,209.0,103.0,7.0,125.0,49.0,3.0,397.0,34.0,0.0,36.0,37.0,55.0,33.0,10.0
2013-02-01,68.0,37.0,12.0,143.0,0.0,30.0,62.0,49.0,8.0,231.0,19.0,0.0,62.0,47.0,1.0,100.0,16.0,29.0,86.0,15.0
2013-03-01,14.0,60.0,14.0,110.0,2.0,19.0,30.0,17.0,23.0,363.0,31.0,0.0,179.0,67.0,1.0,57.0,49.0,40.0,79.0,13.0
2013-04-01,34.0,130.0,46.0,61.0,19.0,20.0,62.0,4.0,9.0,108.0,25.0,2.0,87.0,15.0,1.0,103.0,20.0,11.0,42.0,16.0
2013-05-01,40.0,373.0,52.0,150.0,4.0,42.0,100.0,4.0,9.0,141.0,2.0,0.0,4.0,1.0,2.0,118.0,19.0,9.0,150.0,14.0
2013-06-01,263.0,873.0,31.0,144.0,8.0,173.0,498.0,5.0,22.0,208.0,1.0,1.0,6.0,1.0,4.0,47.0,56.0,12.0,192.0,22.0
2013-07-01,361.0,1.393,69.0,462.0,54.0,447.0,1.111,4.0,117.0,362.0,0.0,1.0,4.0,0.0,22.0,181.0,248.0,4.0,350.0,20.0
2013-08-01,1.015,1.81,236.0,911.0,679.0,2.161,2.0980000000000003,32.0,885.0,610.0,0.0,9.0,3.0,0.0,34.0,497.0,1.276,14.0,488.0,53.0
2013-09-01,2.311,2.445,303.0,1.656,2.136,3.36,3.88,177.0,1.776,2.681,4.0,85.0,18.0,1.0,31.0,560.0,1.739,143.0,684.0,30.0
2013-10-01,1.2690000000000001,2.155,107.0,1.2209999999999999,258.0,4.921,2.918,466.0,555.0,1.969,25.0,385.0,63.0,3.0,3.0,127.0,1.202,161.0,606.0,37.0
2013-11-01,640.0,345.0,84.0,277.0,79.0,3.688,2.529,1.081,108.0,288.0,10.0,341.0,106.0,7.0,0.0,120.0,220.0,110.0,183.0,11.0
2013-12-01,468.0,85.0,74.0,98.0,3.0,5.513999999999999,2.6919999999999997,956.0,143.0,131.0,42.0,148.0,65.0,9.0,2.0,109.0,236.0,141.0,86.0,9.0
2014-01-01,79.0,89.0,58.0,133.0,0.0,251.0,195.0,115.0,12.0,132.0,54.0,10.0,355.0,20.0,0.0,99.0,46.0,99.0,80.0,11.0
2014-02-01,14.0,73.0,27.0,157.0,0.0,37.0,29.0,18.0,5.0,107.0,29.0,2.0,226.0,18.0,1.0,112.0,49.0,25.0,44.0,17.0
2014-03-01,88.0,58.0,15.0,77.0,1.0,34.0,59.0,6.0,13.0,148.0,28.0,1.0,494.0,33.0,1.0,75.0,50.0,36.0,80.0,15.0
2014-04-01,63.0,187.0,34.0,161.0,7.0,27.0,78.0,4.0,15.0,183.0,16.0,0.0,162.0,7.0,2.0,103.0,25.0,10.0,138.0,15.0
2014-05-01,138.0,618.0,42.0,224.0,1.0,70.0,148.0,4.0,28.0,224.0,1.0,0.0,58.0,1.0,9.0,181.0,12.0,4.0,210.0,18.0
2014-06-01,373.0,1.3719999999999999,3.0,376.0,17.0,319.0,812.0,19.0,92.0,243.0,2.0,0.0,4.0,0.0,6.0,331.0,74.0,3.0,318.0,9.0
2014-07-01,1.177,1.4040000000000001,82.0,559.0,60.0,825.0,2.068,47.0,192.0,249.0,1.0,4.0,9.0,0.0,27.0,476.0,202.0,11.0,446.0,17.0
2014-08-01,2.265,2.917,459.0,1.952,1.1,8.555,5.5920000000000005,155.0,3.0380000000000003,674.0,3.0,18.0,12.0,0.0,99.0,1.4580000000000002,3.852,23.0,1.255,47.0
2014-09-01,2.536,3.52,208.0,3.4539999999999997,2.175,6.787000000000001,4.373,155.0,2.8,2.6039999999999996,11.0,137.0,67.0,4.0,72.0,882.0,3.057,63.0,1.6869999999999998,61.0
2014-10-01,1.788,4.0,122.0,4.735,406.0,6.4479999999999995,5.812,517.0,1.063,2.763,7.0,480.0,61.0,3.0,34.0,887.0,952.0,174.0,1.9469999999999998,89.0
2014-11-01,717.0,451.0,43.0,398.0,56.0,7.767,3.8689999999999998,829.0,202.0,348.0,14.0,484.0,143.0,9.0,0.0,56.0,676.0,111.0,181.0,20.0
2014-12-01,346.0,223.0,45.0,155.0,6.0,4.828,2.4,643.0,144.0,144.0,24.0,354.0,277.0,9.0,0.0,57.0,293.0,101.0,68.0,28.0
2015-01-01,92.0,186.0,28.0,147.0,1.0,725.0,494.0,207.0,30.0,256.0,81.0,14.0,330.0,44.0,1.0,120.0,35.0,109.0,118.0,76.0
2015-02-01,38.0,65.0,23.0,84.0,2.0,108.0,95.0,25.0,22.0,143.0,46.0,1.0,418.0,40.0,0.0,69.0,107.0,55.0,53.0,60.0
2015-03-01,35.0,85.0,37.0,80.0,2.0,61.0,53.0,20.0,15.0,229.0,32.0,2.0,163.0,49.0,0.0,68.0,46.0,33.0,76.0,25.0
2015-04-01,50.0,88.0,32.0,109.0,3.0,27.0,119.0,3.0,15.0,190.0,63.0,0.0,278.0,35.0,0.0,76.0,24.0,30.0,89.0,33.0
2015-05-01,66.0,512.0,70.0,114.0,2.0,95.0,194.0,17.0,13.0,144.0,18.0,0.0,12.0,11.0,2.0,65.0,10.0,17.0,129.0,17.0
2015-06-01,283.0,1.15,104.0,200.0,40.0,265.0,887.0,22.0,119.0,242.0,2.0,3.0,3.0,3.0,1.0,147.0,33.0,3.0,277.0,18.0
2015-07-01,690.0,1.217,45.0,288.0,109.0,906.0,1.642,25.0,423.0,306.0,0.0,5.0,5.0,0.0,15.0,149.0,356.0,13.0,347.0,30.0
2015-08-01,2.057,2.54,379.0,1.0590000000000002,1.3969999999999998,7.912999999999999,5.428,127.0,3.762,829.0,3.0,40.0,11.0,0.0,53.0,643.0,4.564,21.0,943.0,35.0
2015-09-01,5.827999999999999,5.51,156.0,3.088,2.928,11.068,6.422999999999999,214.0,6.129,7.956,7.0,192.0,77.0,1.0,76.0,368.0,5.882000000000001,116.0,2.296,228.0
2015-10-01,4.0680000000000005,4.843999999999999,21.0,3.708,905.0,7.781000000000001,6.746,658.0,2.5980000000000003,4.989,40.0,827.0,181.0,6.0,21.0,213.0,2.494,194.0,1.807,307.0
2015-11-01,897.0,833.0,9.0,1.453,115.0,9.642999999999999,4.35,1.081,1.002,1.705,162.0,1.3,280.0,47.0,3.0,21.0,1.054,315.0,547.0,141.0
2015-12-01,626.0,373.0,19.0,295.0,8.0,6.61,3.7060000000000004,1.021,282.0,1.4080000000000001,136.0,269.0,304.0,63.0,0.0,45.0,565.0,176.0,179.0,61.0
2016-01-01,94.0,42.0,53.0,61.0,12.0,1.3220000267028809,412.0,100.0,93.0,285.0,24.0,19.0,1.753999948501587,9.0,1.0,85.0,770.0,24.0,52.0,43.0
2016-02-01,97.0,383.0,10.0,207.0,5.0,430.0,318.0,13.0,88.0,418.0,14.0,1.0,171.0,22.0,2.0,188.0,275.0,19.0,117.0,24.0
2016-03-01,53.0,165.0,21.0,123.0,0.0,81.0,113.0,4.0,25.0,281.0,9.0,5.0,1.0809999704360962,26.0,1.0,82.0,140.0,4.0,136.0,107.0
2016-04-01,35.0,369.0,36.0,172.0,0.0,66.0,113.0,10.0,59.0,217.0,13.0,0.0,126.0,14.0,5.0,307.0,22.0,8.0,167.0,57.0
2016-05-01,60.0,778.0,26.0,186.0,21.0,154.0,206.0,8.0,44.0,259.0,4.0,1.0,22.0,9.0,15.0,139.0,30.0,6.0,233.0,48.0
2016-06-01,153.0,1.1480000019073486,79.0,263.0,87.0,502.0,709.0,45.0,170.0,416.0,5.0,2.0,7.0,1.0,42.0,197.0,90.0,4.0,289.0,49.0
2016-07-01,754.0,2.736999988555908,480.0,1.003999948501587,533.0,1.5789999961853027,2.0959999561309814,124.0,969.0,345.0,3.0,1.0,0.0,0.0,79.0,687.0,1.1369999647140503,17.0,837.0,42.0
2016-08-01,1.6469999551773071,3.2130000591278076,765.0,1.4329999685287476,2.187999963760376,4.86299991607666,3.7230000495910645,293.0,3.674999952316284,724.0,5.0,37.0,11.0,6.0,29.0,797.0,3.6110000610351562,42.0,1.031999945640564,78.0
2016-09-01,1.3940000534057617,3.244999885559082,644.0,2.0929999351501465,3.5859999656677246,3.953000068664551,3.1659998893737793,370.0,4.208000183105469,1.819000005722046,18.0,142.0,19.0,2.0,58.0,490.0,3.11899995803833,171.0,1.7029999494552612,128.0
2016-10-01,2.5980000495910645,2.0320000648498535,56.0,948.0,509.0,5.281000137329102,5.35099983215332,1.309999942779541,1.843999981880188,1.4149999618530273,74.0,793.0,101.0,10.0,9.0,177.0,2.1050000190734863,319.0,522.0,58.0
2016-11-01,1.1260000467300415,623.0,156.0,126.0,46.0,7.879000186920166,3.9820001125335693,1.3279999494552612,401.0,408.0,76.0,1.1610000133514404,71.0,17.0,1.0,39.0,591.0,191.0,123.0,8.0
2016-12-01,374.0,119.0,20.0,91.0,6.0,3.299999952316284,1.5770000219345093,819.0,148.0,164.0,155.0,491.0,136.0,36.0,0.0,47.0,133.0,161.0,64.0,12.0
2017-01-01,85.0,61.0,46.0,106.0,0.0,219.0,187.0,91.0,44.0,154.0,38.0,2.0,108.0,31.0,1.0,28.0,65.0,52.0,53.0,13.0
2017-02-01,24.0,25.0,31.0,61.0,1.0,14.0,47.0,9.0,10.0,100.0,21.0,0.0,129.0,18.0,0.0,107.0,52.0,23.0,75.0,8.0
2017-03-01,25.0,98.0,12.0,105.0,0.0,42.0,32.0,4.0,21.0,163.0,23.0,0.0,216.0,16.0,0.0,103.0,45.0,7.0,115.0,9.0
2017-04-01,25.0,164.0,26.0,69.0,1.0,45.0,91.0,6.0,19.0,94.0,7.0,3.0,51.0,8.0,1.0,41.0,20.0,9.0,60.0,7.0
2017-05-01,36.0,576.0,36.0,125.0,10.0,114.0,142.0,9.0,31.0,121.0,1.0,1.0,29.0,1.0,6.0,43.0,40.0,13.0,135.0,10.0
2017-06-01,193.0,1.3200000524520874,70.0,360.0,45.0,679.0,885.0,23.0,192.0,329.0,2.0,2.0,4.0,0.0,23.0,217.0,119.0,5.0,442.0,37.0
2017-07-01,643.0,2.3970000743865967,591.0,610.0,457.0,4.985000133514404,2.5209999084472656,26.0,1.2799999713897705,300.0,0.0,3.0,3.0,0.0,44.0,802.0,1.975000023841858,2.0,577.0,3.0
2017-08-01,1.5720000267028809,3.5360000133514404,713.0,2.1419999599456787,1.4930000305175781,11.961999893188477,3.875,121.0,4.2870001792907715,1.0180000066757202,1.0,33.0,35.0,0.0,147.0,981.0,6.315999984741211,20.0,1.4919999837875366,30.0
2017-09-01,3.421999931335449,10.737000465393066,626.0,4.697000026702881,3.428999900817871,25.003999710083008,14.824999809265137,505.0,5.638000011444092,1.7910000085830688,4.0,95.0,43.0,0.0,122.0,2.868000030517578,4.0329999923706055,69.0,3.23799991607666,58.0
2017-10-01,3.003999948501587,2.9690001010894775,51.0,3.062000036239624,1.5080000162124634,7.627999782562256,6.011000156402588,949.0,2.190000057220459,4.005000114440918,14.0,468.0,156.0,0.0,66.0,179.0,1.5809999704360962,256.0,2.4010000228881836,56.0
2017-11-01,449.0,434.0,152.0,136.0,98.0,9.079000473022461,2.299999952316284,812.0,372.0,174.0,10.0,858.0,327.0,1.0,0.0,37.0,552.0,66.0,117.0,3.0
